Last 4 Card Digits,Recency,Frequency,Monetary,Cluster,Segment,Churn
0.0,27,1,91.89,1,New,0
4.0,47,1,51.36,1,New,0
10.0,6,3,794.28,3,Occasional,0
12.0,21,1,261.98,1,New,0
13.0,55,1,16.92,1,New,0
24.0,5,3,174.73,1,New,0
30.0,79,1,45.879999999999995,0,Lost,1
33.0,89,1,144.16,0,Lost,1
34.0,64,1,48.14,0,Lost,1
36.0,8,1,36.06,1,New,0
39.0,61,1,79.74,0,Lost,1
40.0,70,1,230.32,0,Lost,1
47.0,28,1,215.16,1,New,0
48.0,84,1,45.879999999999995,0,Lost,1
57.0,55,2,300.34,1,New,0
59.0,104,1,34.95,0,Lost,1
60.0,103,1,108.12,0,Lost,1
63.0,90,1,168.35,0,Lost,1
72.0,72,1,78.75,0,Lost,1
81.0,14,1,16.41,1,New,0
84.0,28,1,86.28999999999999,1,New,0
85.0,12,1,210.64,1,New,0
88.0,48,1,67.66,1,New,0
96.0,32,1,24.0,1,New,0
103.0,97,1,138.87,0,Lost,1
106.0,33,1,232.75,1,New,0
109.0,100,1,71.03999999999999,0,Lost,1
116.0,75,1,79.64999999999999,0,Lost,1
120.0,111,1,50.32,0,Lost,1
121.0,76,1,44.739999999999995,0,Lost,1
128.0,91,1,45.87,0,Lost,1
134.0,13,1,109.16,1,New,0
138.0,75,1,22.91,0,Lost,1
146.0,49,1,102.59,1,New,0
155.0,49,1,218.33999999999997,1,New,0
157.0,76,1,30.64,0,Lost,1
159.0,41,2,128.75,1,New,0
163.0,46,1,18.54,1,New,0
166.0,27,1,0.0,1,New,0
170.0,101,1,44.79,0,Lost,1
174.0,28,1,115.78,1,New,0
177.0,61,1,77.53999999999999,0,Lost,1
181.0,41,1,52.33,1,New,0
185.0,42,1,65.64,1,New,0
194.0,90,1,199.89,0,Lost,1
209.0,7,1,91.7,1,New,0
212.0,103,1,238.04,0,Lost,1
214.0,35,1,88.41,1,New,0
216.0,113,1,55.68,0,Lost,1
225.0,74,1,9.84,0,Lost,1
226.0,82,1,40.43,0,Lost,1
238.0,14,1,162.68,1,New,0
249.0,112,1,73.24,0,Lost,1
256.0,53,1,90.64,1,New,0
257.0,26,1,71.03999999999999,1,New,0
259.0,87,2,220.64,0,Lost,1
266.0,63,1,54.64,0,Lost,1
270.0,48,1,106.97999999999999,1,New,0
273.0,91,1,124.44,0,Lost,1
275.0,41,2,191.10999999999999,1,New,0
280.0,62,1,210.84,0,Lost,1
281.0,13,1,17.5,1,New,0
304.0,75,1,33.86,0,Lost,1
309.0,14,1,104.9,1,New,0
315.0,13,1,134.3,1,New,0
327.0,19,1,51.89,1,New,0
335.0,103,1,87.36,0,Lost,1
342.0,89,2,227.15,0,Lost,1
343.0,55,1,169.34,1,New,0
346.0,114,1,73.23,0,Lost,1
348.0,57,2,102.61,1,New,0
351.0,29,1,79.78999999999999,1,New,0
364.0,108,1,68.86,0,Lost,1
376.0,69,1,9.81,0,Lost,1
381.0,55,1,278.54,1,New,0
385.0,29,1,25.080000000000002,1,New,0
388.0,116,1,52.5,0,Lost,1
392.0,49,1,259.87,1,New,0
398.0,70,1,0.0,0,Lost,1
402.0,44,1,56.75,1,New,0
404.0,62,1,154.97,0,Lost,1
408.0,4,1,37.15,1,New,0
409.0,6,1,74.32,1,New,0
413.0,117,1,133.54,0,Lost,1
434.0,21,1,266.64,1,New,0
441.0,7,1,108.23,1,New,0
444.0,6,2,197.77,1,New,0
448.0,2,1,55.7,1,New,0
450.0,116,1,39.32,0,Lost,1
465.0,97,1,54.58,0,Lost,1
469.0,48,1,120.1,1,New,0
470.0,12,2,195.55,1,New,0
471.0,75,1,160.54,0,Lost,1
477.0,12,1,10.93,1,New,0
481.0,59,1,10.92,0,Lost,1
483.0,34,1,26.25,1,New,0
485.0,101,1,25.11,0,Lost,1
486.0,73,1,123.48,0,Lost,1
493.0,111,1,197.81,0,Lost,1
496.0,116,1,44.79,0,Lost,1
499.0,10,1,19.08,1,New,0
502.0,112,1,48.14,0,Lost,1
528.0,34,2,213.01999999999998,1,New,0
531.0,112,1,181.22,0,Lost,1
534.0,8,1,165.05,1,New,0
541.0,47,1,122.28,1,New,0
544.0,27,1,24.049999999999997,1,New,0
545.0,42,1,44.79,1,New,0
556.0,4,1,49.18,1,New,0
560.0,22,1,108.13,1,New,0
563.0,84,1,65.61,0,Lost,1
565.0,16,2,119.96,1,New,0
573.0,83,1,282.21,0,Lost,1
575.0,5,1,99.93,1,New,0
576.0,117,1,29.53,0,Lost,1
578.0,27,1,114.67,1,New,0
579.0,111,1,24.07,0,Lost,1
595.0,8,1,41.519999999999996,1,New,0
599.0,90,1,192.25,0,Lost,1
605.0,68,2,126.72,0,Lost,1
609.0,61,1,0.0,0,Lost,1
612.0,69,1,84.18,0,Lost,1
615.0,103,1,85.22,0,Lost,1
622.0,68,1,79.78999999999999,0,Lost,1
628.0,97,1,30.62,0,Lost,1
629.0,69,1,49.16,0,Lost,1
640.0,33,1,64.49,1,New,0
651.0,115,1,53.57,0,Lost,1
668.0,110,1,17.5,0,Lost,1
676.0,64,2,98.33,0,Lost,1
682.0,104,1,26.25,0,Lost,1
684.0,90,2,105.87,0,Lost,1
687.0,76,1,0.0,0,Lost,1
696.0,13,2,89.58,1,New,0
699.0,29,1,80.91,1,New,0
705.0,41,1,96.15,1,New,0
711.0,89,1,39.26,0,Lost,1
715.0,12,1,239.38,1,New,0
719.0,16,2,87.95,1,New,0
721.0,41,1,155.15,1,New,0
725.0,6,1,35.0,1,New,0
727.0,3,1,15.32,1,New,0
739.0,14,1,137.65,1,New,0
759.0,49,1,134.29,1,New,0
762.0,42,1,16.62,1,New,0
765.0,103,1,54.71,0,Lost,1
768.0,5,1,137.82999999999998,1,New,0
778.0,9,1,0.0,1,New,0
781.0,4,1,95.06,1,New,0
787.0,116,1,36.04,0,Lost,1
791.0,68,1,39.26,0,Lost,1
795.0,103,1,59.989999999999995,0,Lost,1
808.0,68,1,55.629999999999995,0,Lost,1
812.0,79,1,78.58,0,Lost,1
813.0,50,1,245.82,1,New,0
814.0,6,1,80.71,1,New,0
817.0,17,1,57.93,1,New,0
823.0,112,1,82.97999999999999,0,Lost,1
826.0,64,2,420.34,0,Lost,1
827.0,5,1,229.34,1,New,0
834.0,34,1,237.85999999999999,1,New,0
838.0,75,1,161.82,0,Lost,1
840.0,30,1,114.74,1,New,0
845.0,8,1,139.81,1,New,0
867.0,49,1,79.21000000000001,1,New,0
871.0,34,1,110.41,1,New,0
889.0,98,1,161.62,0,Lost,1
890.0,91,1,23.98,0,Lost,1
904.0,3,2,129.92,1,New,0
915.0,12,2,250.0,1,New,0
918.0,14,1,133.35,1,New,0
923.0,90,1,106.05,0,Lost,1
925.0,12,1,152.87,1,New,0
929.0,19,1,178.12,1,New,0
930.0,84,1,329.82,0,Lost,1
941.0,6,1,26.25,1,New,0
943.0,13,1,93.95,1,New,0
944.0,82,1,84.0,0,Lost,1
948.0,97,2,131.12,0,Lost,1
952.0,62,1,138.65,0,Lost,1
954.0,1,1,7.66,1,New,0
958.0,17,1,92.74,1,New,0
966.0,47,1,29.53,1,New,0
967.0,35,2,152.97,1,New,0
975.0,37,1,183.43,1,New,0
978.0,5,1,43.75,1,New,0
990.0,49,1,123.46,1,New,0
995.0,27,1,250.08999999999997,1,New,0
996.0,11,1,210.93,1,New,0
999.0,44,1,104.78999999999999,1,New,0
1000.0,7,9,711.1899999999999,3,Occasional,0
1001.0,48,1,46.92,1,New,0
1002.0,1,6,226.72,3,Occasional,0
1003.0,1,11,912.88,3,Occasional,0
1004.0,3,8,669.45,3,Occasional,0
1005.0,7,9,874.84,3,Occasional,0
1006.0,12,10,563.04,3,Occasional,0
1007.0,5,6,461.15999999999997,3,Occasional,0
1008.0,13,5,287.14,3,Occasional,0
1009.0,22,13,1191.58,3,Occasional,0
1010.0,47,2,544.22,3,Occasional,0
1011.0,56,1,37.129999999999995,1,New,0
1013.0,41,2,105.89,1,New,0
1017.0,111,1,91.78,0,Lost,1
1018.0,37,4,303.64,3,Occasional,0
1019.0,84,1,107.08,0,Lost,1
1021.0,57,1,66.61,1,New,0
1022.0,71,1,52.5,0,Lost,1
1026.0,105,1,94.99,0,Lost,1
1028.0,43,1,95.14,1,New,0
1037.0,69,1,114.66,0,Lost,1
1044.0,89,2,136.57999999999998,0,Lost,1
1053.0,50,1,61.129999999999995,1,New,0
1063.0,89,1,101.49,0,Lost,1
1068.0,20,1,52.5,1,New,0
1070.0,37,2,206.41,1,New,0
1073.0,33,1,142.03,1,New,0
1074.0,34,1,24.07,1,New,0
1079.0,28,2,139.79,1,New,0
1081.0,39,1,17.5,1,New,0
1083.0,22,1,0.0,1,New,0
1085.0,34,1,68.74,1,New,0
1091.0,62,1,1.64,0,Lost,1
1092.0,33,1,95.11,1,New,0
1102.0,16,1,81.82,1,New,0
1103.0,48,2,209.75,1,New,0
1110.0,76,1,132.19,0,Lost,1
1122.0,30,1,51.36,1,New,0
1125.0,55,2,273.40999999999997,1,New,0
1126.0,22,3,212.88,1,New,0
1129.0,48,1,124.6,1,New,0
1130.0,19,1,62.29,1,New,0
1143.0,61,1,95.0,0,Lost,1
1149.0,41,1,93.95,1,New,0
1150.0,111,1,68.81,0,Lost,1
1173.0,53,1,26.25,1,New,0
1185.0,35,1,78.6,1,New,0
1190.0,36,1,70.98,1,New,0
1198.0,55,1,95.06,1,New,0
1201.0,49,1,313.53999999999996,1,New,0
1204.0,11,1,15.32,1,New,0
1207.0,6,1,196.57999999999998,1,New,0
1211.0,6,2,35.0,1,New,0
1212.0,21,1,21.86,1,New,0
1220.0,59,1,6.52,0,Lost,1
1227.0,61,1,16.41,0,Lost,1
1232.0,32,1,32.82,1,New,0
1237.0,97,1,0.0,0,Lost,1
1246.0,89,1,353.51,0,Lost,1
1249.0,83,1,98.46000000000001,0,Lost,1
1251.0,14,1,105.94,1,New,0
1252.0,56,1,74.21,1,New,0
1253.0,102,1,36.04,0,Lost,1
1261.0,69,1,113.65,0,Lost,1
1262.0,62,1,23.46,0,Lost,1
1263.0,51,1,40.41,1,New,0
1265.0,50,1,43.7,1,New,0
1266.0,106,1,65.50999999999999,0,Lost,1
1267.0,42,1,17.44,1,New,0
1274.0,28,1,128.88,1,New,0
1294.0,23,1,127.82,1,New,0
1307.0,70,1,5.46,0,Lost,1
1312.0,90,1,152.84,0,Lost,1
1313.0,35,1,206.51,1,New,0
1317.0,23,4,195.5,1,New,0
1321.0,36,1,39.28,1,New,0
1325.0,58,1,0.0,1,New,0
1326.0,111,1,162.67,0,Lost,1
1329.0,26,1,44.74,1,New,0
1334.0,88,2,150.64,0,Lost,1
1338.0,97,2,48.129999999999995,0,Lost,1
1343.0,56,1,134.31,1,New,0
1347.0,5,3,223.82999999999998,1,New,0
1351.0,6,2,168.15,1,New,0
1356.0,115,1,34.959999999999994,0,Lost,1
1358.0,115,1,123.36,0,Lost,1
1363.0,81,1,46.97,0,Lost,1
1365.0,64,1,43.72,0,Lost,1
1367.0,110,1,112.49,0,Lost,1
1374.0,68,2,242.39,0,Lost,1
1375.0,63,1,147.44,0,Lost,1
1379.0,84,2,262.11,0,Lost,1
1384.0,49,1,36.04,1,New,0
1385.0,85,1,139.76,0,Lost,1
1386.0,6,2,152.91,1,New,0
1388.0,37,2,40.480000000000004,1,New,0
1389.0,7,31,1930.6299999999999,2,Regular,0
1390.0,24,1,69.9,1,New,0
1395.0,62,2,170.49,0,Lost,1
1396.0,27,1,35.0,1,New,0
1404.0,113,1,115.78,0,Lost,1
1410.0,9,1,43.629999999999995,1,New,0
1423.0,34,1,50.209999999999994,1,New,0
1428.0,40,2,285.94,1,New,0
1431.0,89,1,131.15,0,Lost,1
1436.0,27,1,113.67,1,New,0
1439.0,24,1,85.13,1,New,0
1447.0,68,1,25.11,0,Lost,1
1457.0,14,1,70.99,1,New,0
1460.0,104,1,157.36,0,Lost,1
1465.0,71,1,120.17,0,Lost,1
1471.0,16,1,0.0,1,New,0
1477.0,15,1,74.28999999999999,1,New,0
1483.0,108,1,0.0,0,Lost,1
1490.0,64,1,136.51,0,Lost,1
1491.0,44,1,51.349999999999994,1,New,0
1493.0,77,1,94.1,0,Lost,1
1494.0,110,1,185.37,0,Lost,1
1497.0,55,1,97.28999999999999,1,New,0
1500.0,83,1,226.04999999999998,0,Lost,1
1504.0,58,1,0.0,1,New,0
1512.0,40,1,54.64,1,New,0
1518.0,71,1,154.06,0,Lost,1
1528.0,58,1,176.99,0,Lost,1
1533.0,16,1,30.08,1,New,0
1534.0,4,1,0.01,1,New,0
1537.0,51,1,46.989999999999995,1,New,0
1541.0,115,2,172.55,0,Lost,1
1556.0,76,1,50.0,0,Lost,1
1563.0,81,2,161.6,0,Lost,1
1564.0,49,1,90.75,1,New,0
1571.0,102,1,19.68,0,Lost,1
1575.0,84,1,112.39999999999999,0,Lost,1
1579.0,27,1,59.03,1,New,0
1591.0,6,1,106.92999999999999,1,New,0
1594.0,76,1,34.46,0,Lost,1
1596.0,90,3,367.96999999999997,0,Lost,1
1606.0,16,1,102.64999999999999,1,New,0
1607.0,29,1,16.41,1,New,0
1611.0,111,1,91.74,0,Lost,1
1613.0,81,1,32.75,0,Lost,1
1618.0,46,1,67.77,1,New,0
1633.0,28,1,8.75,1,New,0
1637.0,111,1,18.64,0,Lost,1
1643.0,43,1,70.98,1,New,0
1646.0,5,1,48.62,1,New,0
1650.0,41,3,268.71,1,New,0
1651.0,5,1,85.75,1,New,0
1659.0,40,2,159.47,1,New,0
1666.0,70,1,13.63,0,Lost,1
1667.0,54,1,126.66,1,New,0
1677.0,20,1,99.42,1,New,0
1681.0,41,1,14.190000000000001,1,New,0
1692.0,14,2,151.88,1,New,0
1694.0,104,1,57.87,0,Lost,1
1702.0,5,1,72.07,1,New,0
1703.0,15,2,102.6,1,New,0
1724.0,42,2,67.69,1,New,0
1726.0,92,2,101.55,0,Lost,1
1737.0,110,1,28.38,0,Lost,1
1738.0,34,1,52.5,1,New,0
1744.0,90,2,59.07,0,Lost,1
1745.0,95,2,171.49,0,Lost,1
1752.0,29,2,270.01,1,New,0
1755.0,48,1,0.0,1,New,0
1759.0,26,1,146.32,1,New,0
1762.0,48,1,127.75999999999999,1,New,0
1763.0,79,1,71.03,0,Lost,1
1768.0,22,1,143.02,1,New,0
1770.0,14,1,53.48,1,New,0
1772.0,90,2,136.56,0,Lost,1
1781.0,23,1,96.13,1,New,0
1787.0,42,1,127.83,1,New,0
1793.0,3,2,112.47,1,New,0
1796.0,21,1,113.53999999999999,1,New,0
1797.0,7,2,138.7,1,New,0
1802.0,55,1,109.27,1,New,0
1805.0,6,1,174.88,1,New,0
1806.0,63,1,32.82,0,Lost,1
1809.0,12,1,29.53,1,New,0
1828.0,62,1,55.17,0,Lost,1
1836.0,56,1,25.11,1,New,0
1839.0,112,1,71.03999999999999,0,Lost,1
1842.0,40,1,10.9,1,New,0
1846.0,110,1,48.07,0,Lost,1
1851.0,63,1,70.94999999999999,0,Lost,1
1853.0,73,4,277.38,0,Lost,1
1856.0,89,1,116.93,0,Lost,1
1859.0,33,1,8.75,1,New,0
1863.0,37,1,57.92999999999999,1,New,0
1865.0,97,2,64.5,0,Lost,1
1870.0,97,1,21.869999999999997,0,Lost,1
1872.0,68,1,190.54999999999998,0,Lost,1
1877.0,7,1,32.82,1,New,0
1895.0,27,1,34.95,1,New,0
1902.0,41,1,7.63,1,New,0
1910.0,42,1,30.58,1,New,0
1911.0,48,1,79.21000000000001,1,New,0
1912.0,74,1,74.27,0,Lost,1
1915.0,64,1,135.24,0,Lost,1
1922.0,47,1,173.5,1,New,0
1924.0,71,1,65.56,0,Lost,1
1927.0,33,1,0.0,1,New,0
1934.0,80,1,21.86,0,Lost,1
1937.0,69,1,48.03999999999999,0,Lost,1
1940.0,97,1,26.25,0,Lost,1
1941.0,90,2,667.72,3,Occasional,0
1949.0,7,8,343.53999999999996,3,Occasional,0
1950.0,41,1,145.21,1,New,0
1976.0,33,1,42.54,1,New,0
1977.0,108,1,96.16,0,Lost,1
1988.0,27,1,39.26,1,New,0
1989.0,54,1,58.95,1,New,0
1992.0,50,1,158.38,1,New,0
1993.0,112,1,146.3,0,Lost,1
1995.0,48,2,114.48,1,New,0
1998.0,12,1,79.75999999999999,1,New,0
2000.0,91,6,692.64,3,Occasional,0
2001.0,47,3,149.54,1,New,0
2002.0,7,3,358.38,1,New,0
2003.0,22,1,34.95,1,New,0
2004.0,62,2,69.95,0,Lost,1
2005.0,12,6,316.81,3,Occasional,0
2006.0,12,4,267.62,1,New,0
2007.0,27,1,134.32999999999998,1,New,0
2008.0,31,4,390.05,3,Occasional,0
2009.0,57,2,86.38,1,New,0
2013.0,36,1,70.97,1,New,0
2018.0,6,2,163.85999999999999,1,New,0
2026.0,48,1,127.73,1,New,0
2029.0,76,1,146.35,0,Lost,1
2044.0,34,1,43.74,1,New,0
2048.0,19,1,0.0,1,New,0
2050.0,114,1,36.04,0,Lost,1
2051.0,72,1,38.17,0,Lost,1
2055.0,48,2,127.8,1,New,0
2057.0,34,2,65.62,1,New,0
2078.0,63,1,8.75,0,Lost,1
2080.0,34,1,26.25,1,New,0
2086.0,28,1,0.0,1,New,0
2087.0,91,1,183.44,0,Lost,1
2088.0,115,1,38.21,0,Lost,1
2093.0,15,1,72.08,1,New,0
2098.0,26,1,21.82,1,New,0
2100.0,75,1,52.5,0,Lost,1
2102.0,13,1,130.97,1,New,0
2109.0,117,1,116.92,0,Lost,1
2116.0,82,1,45.94,0,Lost,1
2121.0,20,1,52.5,1,New,0
2122.0,13,1,56.89,1,New,0
2124.0,72,2,158.34,0,Lost,1
2127.0,13,1,82.96,1,New,0
2130.0,41,1,72.09,1,New,0
2133.0,113,1,54.58,0,Lost,1
2142.0,56,1,45.879999999999995,1,New,0
2144.0,80,1,30.56,0,Lost,1
2152.0,68,2,149.59,0,Lost,1
2156.0,111,1,129.86,0,Lost,1
2162.0,106,2,128.99,0,Lost,1
2164.0,90,1,0.0,0,Lost,1
2167.0,36,1,42.599999999999994,1,New,0
2168.0,34,1,100.5,1,New,0
2169.0,51,1,27.28,1,New,0
2172.0,1,2,72.12,1,New,0
2174.0,12,1,0.0,1,New,0
2179.0,98,1,148.53,0,Lost,1
2184.0,19,1,27.36,1,New,0
2189.0,102,1,59.019999999999996,0,Lost,1
2191.0,104,1,40.37,0,Lost,1
2192.0,5,2,116.91,1,New,0
2194.0,111,1,344.11,0,Lost,1
2202.0,51,1,29.49,1,New,0
2206.0,89,1,65.5,0,Lost,1
2212.0,37,1,119.06,1,New,0
2215.0,48,1,20.17,1,New,0
2216.0,90,1,141.92,0,Lost,1
2217.0,84,1,81.94,0,Lost,1
2221.0,90,2,90.71000000000001,0,Lost,1
2230.0,97,1,52.5,0,Lost,1
2233.0,62,1,118.03,0,Lost,1
2240.0,14,1,0.0,1,New,0
2243.0,20,1,8.75,1,New,0
2247.0,55,1,78.65,1,New,0
2263.0,5,2,97.12,1,New,0
2266.0,34,1,63.32,1,New,0
2273.0,23,2,134.37,1,New,0
2276.0,82,1,322.90999999999997,0,Lost,1
2277.0,104,1,44.739999999999995,0,Lost,1
2278.0,105,1,116.95,0,Lost,1
2282.0,27,1,56.89,1,New,0
2289.0,106,1,276.34,0,Lost,1
2306.0,111,1,60.06,0,Lost,1
2310.0,77,1,185.51999999999998,0,Lost,1
2315.0,58,1,62.239999999999995,1,New,0
2316.0,62,1,209.65,0,Lost,1
2321.0,16,1,111.41,1,New,0
2322.0,49,1,53.56,1,New,0
2325.0,68,2,78.58,0,Lost,1
2327.0,68,1,219.62,0,Lost,1
2335.0,30,1,12.55,1,New,0
2341.0,16,1,167.14,1,New,0
2350.0,43,1,231.43,1,New,0
2355.0,15,4,393.13,3,Occasional,0
2360.0,27,2,88.49,1,New,0
2373.0,100,1,164.99,0,Lost,1
2377.0,33,1,21.869999999999997,1,New,0
2392.0,3,1,103.86,1,New,0
2403.0,41,1,82.98,1,New,0
2406.0,111,1,61.11,0,Lost,1
2416.0,62,1,67.7,0,Lost,1
2423.0,50,1,30.64,1,New,0
2427.0,28,1,88.49,1,New,0
2432.0,63,1,0.0,0,Lost,1
2433.0,14,2,204.18,1,New,0
2436.0,81,2,405.45,0,Lost,1
2440.0,55,1,244.97,1,New,0
2441.0,69,1,74.27,0,Lost,1
2449.0,61,1,26.25,0,Lost,1
2458.0,16,2,192.16,1,New,0
2459.0,62,1,66.61,0,Lost,1
2460.0,41,1,21.89,1,New,0
2462.0,40,1,30.57,1,New,0
2469.0,37,1,141.94,1,New,0
2472.0,54,1,20.74,1,New,0
2475.0,108,1,52.5,0,Lost,1
2483.0,17,3,1893.91,3,Occasional,0
2488.0,61,1,148.44,0,Lost,1
2489.0,90,1,209.78,0,Lost,1
2496.0,106,1,56.769999999999996,0,Lost,1
2506.0,51,1,113.6,1,New,0
2513.0,35,2,97.13,1,New,0
2515.0,38,1,98.24,1,New,0
2517.0,96,2,77.61,0,Lost,1
2529.0,84,1,180.18,0,Lost,1
2533.0,20,1,0.0,1,New,0
2538.0,24,1,42.58,1,New,0
2541.0,83,1,0.0,0,Lost,1
2543.0,96,3,230.49,0,Lost,1
2552.0,110,1,0.0,0,Lost,1
2553.0,27,1,79.75,1,New,0
2556.0,47,1,12.04,1,New,0
2559.0,85,1,1522.7,3,Occasional,0
2560.0,6,1,22.91,1,New,0
2561.0,90,2,217.26999999999998,0,Lost,1
2565.0,77,1,32.82,0,Lost,1
2567.0,7,1,177.05,1,New,0
2568.0,97,1,46.989999999999995,0,Lost,1
2570.0,111,1,61.129999999999995,0,Lost,1
2571.0,103,1,45.96,0,Lost,1
2575.0,69,1,61.18,0,Lost,1
2582.0,22,1,111.36999999999999,1,New,0
2583.0,87,2,224.85999999999999,0,Lost,1
2584.0,17,1,46.96,1,New,0
2588.0,87,4,478.90999999999997,3,Occasional,0
2589.0,42,1,145.31,1,New,0
2605.0,56,1,66.62,1,New,0
2608.0,27,2,160.54,1,New,0
2616.0,27,2,818.34,3,Occasional,0
2617.0,19,1,72.13,1,New,0
2619.0,56,1,124.47999999999999,1,New,0
2623.0,16,1,80.72999999999999,1,New,0
2628.0,74,1,1086.8799999999999,3,Occasional,0
2634.0,96,1,59.07,0,Lost,1
2640.0,84,1,179.09,0,Lost,1
2641.0,111,1,280.77,0,Lost,1
2646.0,41,19,2038.35,2,Regular,0
2647.0,36,1,198.99,1,New,0
2648.0,22,1,52.45,1,New,0
2651.0,76,1,134.2,0,Lost,1
2657.0,19,1,18.54,1,New,0
2658.0,2,1,18.54,1,New,0
2668.0,77,1,69.84,0,Lost,1
2669.0,117,1,135.26,0,Lost,1
2672.0,19,1,42.66,1,New,0
2674.0,115,1,55.739999999999995,0,Lost,1
2677.0,13,2,299.36,1,New,0
2678.0,43,1,48.129999999999995,1,New,0
2687.0,110,1,50.239999999999995,0,Lost,1
2693.0,103,2,246.69,0,Lost,1
2695.0,87,1,21.869999999999997,0,Lost,1
2701.0,83,1,178.56,0,Lost,1
2711.0,36,1,36.04,1,New,0
2716.0,28,1,37.08,1,New,0
2728.0,15,2,219.57999999999998,1,New,0
2729.0,34,1,45.83,1,New,0
2730.0,97,1,15.32,0,Lost,1
2731.0,99,2,114.8,0,Lost,1
2734.0,46,1,78.63,1,New,0
2735.0,77,4,431.12,3,Occasional,0
2738.0,32,2,170.31,1,New,0
2744.0,47,1,92.87,1,New,0
2745.0,100,1,16.41,0,Lost,1
2746.0,28,2,86.24,1,New,0
2749.0,48,1,71.03999999999999,1,New,0
2752.0,15,1,110.25999999999999,1,New,0
2757.0,6,1,79.78999999999999,1,New,0
2764.0,34,1,201.04,1,New,0
2765.0,72,1,49.18,0,Lost,1
2766.0,92,1,46.92,0,Lost,1
2769.0,7,1,0.0,1,New,0
2795.0,91,1,187.92000000000002,0,Lost,1
2797.0,27,1,113.55,1,New,0
2809.0,89,1,148.54,0,Lost,1
2810.0,16,2,205.4,1,New,0
2812.0,104,1,89.53,0,Lost,1
2818.0,40,1,54.61,1,New,0
2825.0,5,1,46.989999999999995,1,New,0
2827.0,90,1,93.91,0,Lost,1
2831.0,71,1,56.89,0,Lost,1
2833.0,71,1,106.98,0,Lost,1
2834.0,111,1,173.81,0,Lost,1
2840.0,96,1,49.230000000000004,0,Lost,1
2843.0,50,1,73.12,1,New,0
2844.0,6,1,64.36,1,New,0
2846.0,85,1,205.62,0,Lost,1
2847.0,114,1,14.21,0,Lost,1
2850.0,11,1,93.97999999999999,1,New,0
2851.0,80,1,41.5,0,Lost,1
2854.0,32,1,37.15,1,New,0
2855.0,97,1,37.08,0,Lost,1
2864.0,104,1,0.0,0,Lost,1
2868.0,75,1,77.61,0,Lost,1
2869.0,11,1,81.93,1,New,0
2875.0,5,1,91.66,1,New,0
2877.0,74,1,55.739999999999995,0,Lost,1
2878.0,5,2,174.82,1,New,0
2880.0,75,1,42.66,0,Lost,1
2892.0,12,1,98.21,1,New,0
2905.0,104,1,0.0,0,Lost,1
2907.0,35,1,100.48,1,New,0
2908.0,14,1,64.43,1,New,0
2913.0,66,1,17.5,0,Lost,1
2948.0,97,1,83.0,0,Lost,1
2951.0,14,1,98.32,1,New,0
2953.0,15,1,71.55,1,New,0
2954.0,48,1,90.67,1,New,0
2959.0,104,1,55.67,0,Lost,1
2962.0,75,1,62.239999999999995,0,Lost,1
2963.0,26,1,35.0,1,New,0
2966.0,36,2,285.19,1,New,0
2972.0,41,1,80.84,1,New,0
2973.0,35,1,10.93,1,New,0
2977.0,77,1,198.76,0,Lost,1
2985.0,66,1,70.0,0,Lost,1
2991.0,104,2,184.7,0,Lost,1
2992.0,3,4,273.03,1,New,0
2995.0,69,2,89.53,0,Lost,1
2996.0,13,1,55.67,1,New,0
2997.0,47,3,410.74,3,Occasional,0
2998.0,13,1,93.97999999999999,1,New,0
3000.0,112,1,283.85,0,Lost,1
3001.0,66,3,339.69,0,Lost,1
3002.0,1,4,174.72,1,New,0
3005.0,27,2,302.8,1,New,0
3006.0,111,1,18.53,0,Lost,1
3008.0,15,2,62.24,1,New,0
3009.0,3,3,203.28,1,New,0
3010.0,82,1,37.129999999999995,0,Lost,1
3017.0,73,4,1154.51,3,Occasional,0
3022.0,28,2,228.26,1,New,0
3025.0,16,2,130.97,1,New,0
3027.0,69,2,123.35,0,Lost,1
3031.0,69,1,104.28,0,Lost,1
3035.0,62,1,103.69999999999999,0,Lost,1
3038.0,33,1,133.19,1,New,0
3045.0,20,1,26.25,1,New,0
3049.0,28,3,173.62,1,New,0
3051.0,90,2,475.29,0,Lost,1
3054.0,101,1,79.77,0,Lost,1
3057.0,5,1,51.3,1,New,0
3060.0,105,1,103.74,0,Lost,1
3061.0,22,4,308.51,3,Occasional,0
3063.0,12,1,0.0,1,New,0
3064.0,54,1,50.239999999999995,1,New,0
3066.0,75,2,73.17,0,Lost,1
3068.0,1,9,512.45,3,Occasional,0
3073.0,42,1,166.97,1,New,0
3076.0,48,1,54.58,1,New,0
3103.0,13,1,37.08,1,New,0
3108.0,84,1,228.54,0,Lost,1
3118.0,115,1,10.93,0,Lost,1
3125.0,49,1,103.86,1,New,0
3126.0,27,1,60.11,1,New,0
3135.0,7,1,87.35,1,New,0
3141.0,30,1,9.26,1,New,0
3142.0,20,1,26.25,1,New,0
3157.0,46,1,71.03999999999999,1,New,0
3171.0,29,2,77.50999999999999,1,New,0
3172.0,111,1,7.66,0,Lost,1
3180.0,55,1,7.63,1,New,0
3181.0,68,1,50.25,0,Lost,1
3184.0,37,2,166.0,1,New,0
3186.0,15,1,71.55,1,New,0
3189.0,50,1,0.0,1,New,0
3190.0,37,1,13.12,1,New,0
3200.0,114,1,32.75,0,Lost,1
3211.0,90,1,158.38,0,Lost,1
3214.0,5,2,68.77,1,New,0
3215.0,83,1,144.21,0,Lost,1
3226.0,36,1,58.96,1,New,0
3229.0,96,1,18.54,0,Lost,1
3230.0,7,1,320.03,1,New,0
3236.0,37,2,55.71,1,New,0
3238.0,45,1,6.52,1,New,0
3240.0,22,1,33.54,1,New,0
3241.0,34,1,211.9,1,New,0
3245.0,108,1,18.01,0,Lost,1
3256.0,97,1,72.13,0,Lost,1
3262.0,72,1,4.38,0,Lost,1
3265.0,44,1,93.92,1,New,0
3267.0,61,1,109.22,0,Lost,1
3268.0,105,1,123.37,0,Lost,1
3277.0,78,1,84.17,0,Lost,1
3288.0,16,1,79.74,1,New,0
3292.0,27,1,42.63,1,New,0
3293.0,36,2,147.54,1,New,0
3294.0,4,2,134.37,1,New,0
3298.0,107,1,76.46,0,Lost,1
3309.0,73,1,132.21,0,Lost,1
3310.0,68,1,24.08,0,Lost,1
3311.0,42,1,97.28999999999999,1,New,0
3328.0,83,1,186.87,0,Lost,1
3333.0,21,1,314.58,1,New,0
3334.0,17,7,319.08,3,Occasional,0
3352.0,103,1,28.38,0,Lost,1
3360.0,81,1,41.489999999999995,0,Lost,1
3361.0,28,1,21.84,1,New,0
3365.0,41,2,94.13,1,New,0
3377.0,35,2,30.57,1,New,0
3384.0,12,1,52.5,1,New,0
3388.0,42,1,45.82,1,New,0
3391.0,95,1,74.27,0,Lost,1
3395.0,20,1,58.89,1,New,0
3400.0,46,2,134.2,1,New,0
3433.0,90,1,289.38,0,Lost,1
3437.0,46,1,10.92,1,New,0
3454.0,26,1,82.95,1,New,0
3470.0,30,1,66.64999999999999,1,New,0
3472.0,12,1,105.0,1,New,0
3476.0,96,1,87.5,0,Lost,1
3477.0,113,1,46.949999999999996,0,Lost,1
3479.0,61,1,92.86,0,Lost,1
3485.0,54,1,117.9,1,New,0
3494.0,34,1,128.96,1,New,0
3501.0,104,1,30.64,0,Lost,1
3514.0,91,1,108.21000000000001,0,Lost,1
3518.0,72,1,140.92,0,Lost,1
3527.0,110,1,53.480000000000004,0,Lost,1
3536.0,115,1,21.27,0,Lost,1
3546.0,64,3,406.21999999999997,3,Occasional,0
3557.0,3,1,15.32,1,New,0
3560.0,78,1,114.65,0,Lost,1
3563.0,54,1,26.25,1,New,0
3566.0,4,1,48.04,1,New,0
3568.0,40,1,112.63,1,New,0
3570.0,91,1,25.1,0,Lost,1
3571.0,47,1,152.94,1,New,0
3572.0,35,1,30.64,1,New,0
3574.0,20,1,258.86,1,New,0
3578.0,35,1,30.63,1,New,0
3582.0,13,1,120.15,1,New,0
3585.0,5,1,46.989999999999995,1,New,0
3594.0,36,1,75.42999999999999,1,New,0
3597.0,21,1,216.22,1,New,0
3598.0,80,1,43.75,0,Lost,1
3599.0,8,1,70.96,1,New,0
3605.0,42,1,86.31,1,New,0
3608.0,16,1,94.99,1,New,0
3610.0,90,2,142.02,0,Lost,1
3611.0,26,1,59.07,1,New,0
3615.0,61,1,37.18,0,Lost,1
3618.0,102,1,60.03,0,Lost,1
3621.0,89,1,173.66,0,Lost,1
3626.0,5,1,100.47999999999999,1,New,0
3629.0,14,2,116.83,1,New,0
3633.0,13,1,83.0,1,New,0
3634.0,43,1,0.0,1,New,0
3636.0,41,2,66.87,1,New,0
3640.0,41,1,284.98,1,New,0
3643.0,41,1,30.53,1,New,0
3651.0,5,1,39.26,1,New,0
3671.0,105,1,65.64,0,Lost,1
3682.0,27,12,636.84,3,Occasional,0
3686.0,62,1,44.79,0,Lost,1
3695.0,23,1,122.35,1,New,0
3698.0,69,1,334.09,0,Lost,1
3706.0,112,1,96.08,0,Lost,1
3708.0,13,1,107.02,1,New,0
3712.0,115,1,16.41,0,Lost,1
3715.0,16,2,101.63,1,New,0
3719.0,103,1,113.53999999999999,0,Lost,1
3724.0,14,1,29.49,1,New,0
3736.0,79,1,49.230000000000004,0,Lost,1
3737.0,40,2,205.47,1,New,0
3740.0,95,1,258.7,0,Lost,1
3744.0,27,1,76.41,1,New,0
3752.0,65,1,0.0,0,Lost,1
3754.0,19,1,21.82,1,New,0
3764.0,40,1,52.5,1,New,0
3765.0,57,1,40.41,1,New,0
3772.0,12,10,549.28,3,Occasional,0
3777.0,71,1,15.32,0,Lost,1
3781.0,115,1,145.32999999999998,0,Lost,1
3782.0,46,1,118.13000000000001,1,New,0
3786.0,17,1,51.36,1,New,0
3787.0,68,1,92.87,0,Lost,1
3815.0,14,1,52.5,1,New,0
3818.0,63,1,24.0,0,Lost,1
3820.0,30,1,67.77,1,New,0
3825.0,13,1,52.5,1,New,0
3834.0,28,1,24.07,1,New,0
3840.0,5,1,107.03,1,New,0
3845.0,15,2,93.92,1,New,0
3850.0,35,1,25.66,1,New,0
3861.0,61,1,53.480000000000004,0,Lost,1
3863.0,72,2,181.44,0,Lost,1
3877.0,14,1,124.48,1,New,0
3879.0,7,1,131.06,1,New,0
3882.0,82,1,45.83,0,Lost,1
3885.0,112,1,48.07,0,Lost,1
3889.0,19,1,19.63,1,New,0
3896.0,13,3,241.38,1,New,0
3897.0,113,1,86.19,0,Lost,1
3901.0,13,1,132.2,1,New,0
3904.0,28,1,75.31,1,New,0
3909.0,32,2,217.28,1,New,0
3917.0,6,2,187.84,1,New,0
3927.0,22,1,98.25999999999999,1,New,0
3929.0,34,1,0.0,1,New,0
3931.0,5,1,26.25,1,New,0
3935.0,18,2,99.36999999999999,1,New,0
3937.0,79,1,21.88,0,Lost,1
3960.0,41,1,49.11,1,New,0
3974.0,90,1,306.61,0,Lost,1
3981.0,71,1,79.67,0,Lost,1
3988.0,12,1,92.87,1,New,0
3997.0,13,1,107.02,1,New,0
3999.0,38,1,20.72,1,New,0
4000.0,54,1,96.1,1,New,0
4001.0,68,2,75.47,0,Lost,1
4002.0,91,2,928.86,3,Occasional,0
4004.0,51,3,120.2,1,New,0
4005.0,19,2,147.44,1,New,0
4006.0,97,1,12.55,0,Lost,1
4007.0,5,1,52.5,1,New,0
4008.0,97,1,182.4,0,Lost,1
4009.0,42,2,95.08,1,New,0
4010.0,6,1,62.17999999999999,1,New,0
4012.0,111,1,160.66,0,Lost,1
4013.0,48,1,42.66,1,New,0
4018.0,74,1,51.33,0,Lost,1
4031.0,3,1,53.489999999999995,1,New,0
4043.0,5,1,38.17,1,New,0
4053.0,74,1,29.46,0,Lost,1
4057.0,82,1,26.25,0,Lost,1
4060.0,5,1,297.09,1,New,0
4066.0,112,1,32.82,0,Lost,1
4067.0,29,1,0.0,1,New,0
4085.0,104,1,105.0,0,Lost,1
4086.0,22,1,75.35,1,New,0
4116.0,34,1,187.8,1,New,0
4119.0,6,1,33.86,1,New,0
4124.0,103,1,21.869999999999997,0,Lost,1
4128.0,74,1,57.81,0,Lost,1
4135.0,65,1,100.43,0,Lost,1
4138.0,8,1,180.32,1,New,0
4146.0,76,1,2056.25,3,Occasional,0
4148.0,90,1,88.53999999999999,0,Lost,1
4149.0,76,1,9.26,0,Lost,1
4150.0,69,1,126.72,0,Lost,1
4152.0,14,1,96.15,1,New,0
4156.0,6,1,41.45,1,New,0
4162.0,12,1,50.199999999999996,1,New,0
4168.0,10,5,189.57,1,New,0
4172.0,4,1,48.03,1,New,0
4179.0,6,1,33.91,1,New,0
4180.0,107,1,265.40999999999997,0,Lost,1
4181.0,19,2,171.35999999999999,1,New,0
4183.0,40,1,30.57,1,New,0
4188.0,14,1,63.46,1,New,0
4193.0,76,1,91.78,0,Lost,1
4197.0,13,1,27.29,1,New,0
4205.0,84,1,96.1,0,Lost,1
4219.0,105,1,78.65,0,Lost,1
4220.0,36,2,158.35999999999999,1,New,0
4221.0,41,1,45.84,1,New,0
4223.0,19,1,218.45,1,New,0
4225.0,5,1,29.53,1,New,0
4229.0,34,1,100.46,1,New,0
4234.0,63,1,95.11,0,Lost,1
4235.0,39,1,206.42,1,New,0
4240.0,48,1,215.32999999999998,1,New,0
4249.0,13,1,113.75,1,New,0
4254.0,8,1,87.33,1,New,0
4255.0,27,1,63.379999999999995,1,New,0
4260.0,83,1,78.75,0,Lost,1
4272.0,95,1,52.5,0,Lost,1
4273.0,69,2,155.1,0,Lost,1
4277.0,48,1,75.3,1,New,0
4290.0,25,3,255.68,1,New,0
4291.0,56,1,220.64,1,New,0
4294.0,5,3,54.69,1,New,0
4296.0,76,1,128.88,0,Lost,1
4301.0,28,2,133.23,1,New,0
4304.0,108,1,95.02,0,Lost,1
4308.0,26,1,92.88,1,New,0
4309.0,30,1,8.75,1,New,0
4310.0,78,1,390.09,0,Lost,1
4312.0,13,1,56.7,1,New,0
4316.0,16,1,143.14,1,New,0
4317.0,26,2,91.72999999999999,1,New,0
4318.0,91,2,48.05,0,Lost,1
4319.0,56,1,52.5,1,New,0
4320.0,104,1,26.25,0,Lost,1
4322.0,64,1,37.08,0,Lost,1
4328.0,68,1,187.87,0,Lost,1
4335.0,14,1,128.78,1,New,0
4339.0,105,1,52.5,0,Lost,1
4342.0,5,1,87.35,1,New,0
4359.0,71,1,14.72,0,Lost,1
4361.0,50,2,167.16,1,New,0
4373.0,31,1,26.25,1,New,0
4374.0,104,1,217.42,0,Lost,1
4379.0,47,2,87.4,1,New,0
4383.0,27,2,148.55,1,New,0
4389.0,71,2,135.41,0,Lost,1
4428.0,35,1,39.36,1,New,0
4430.0,111,1,45.93,0,Lost,1
4436.0,9,1,177.01,1,New,0
4439.0,104,1,9.26,0,Lost,1
4440.0,33,1,62.29,1,New,0
4453.0,111,1,88.43,0,Lost,1
4458.0,71,1,68.75,0,Lost,1
4467.0,105,1,0.0,0,Lost,1
4468.0,21,1,69.84,1,New,0
4475.0,19,1,22.92,1,New,0
4476.0,73,1,30.64,0,Lost,1
4478.0,36,1,116.74,1,New,0
4479.0,1,1,147.41,1,New,0
4482.0,44,1,0.0,1,New,0
4494.0,104,1,96.15,0,Lost,1
4495.0,15,1,54.68,1,New,0
4498.0,69,1,48.03,0,Lost,1
4500.0,56,1,79.74,1,New,0
4507.0,73,1,26.25,0,Lost,1
4509.0,84,1,104.8,0,Lost,1
4515.0,91,1,0.0,0,Lost,1
4520.0,76,1,64.46000000000001,0,Lost,1
4525.0,8,1,60.11,1,New,0
4531.0,34,1,285.13,1,New,0
4532.0,85,2,336.28,0,Lost,1
4534.0,77,1,50.22,0,Lost,1
4541.0,90,1,275.33,0,Lost,1
4546.0,7,1,79.84,1,New,0
4548.0,9,1,117.99,1,New,0
4549.0,111,1,52.4,0,Lost,1
4553.0,20,1,77.49,1,New,0
4559.0,89,1,140.78,0,Lost,1
4560.0,110,1,14.21,0,Lost,1
4563.0,19,1,36.61,1,New,0
4565.0,41,1,55.62,1,New,0
4566.0,49,1,89.58,1,New,0
4567.0,78,2,137.55,0,Lost,1
4596.0,90,1,67.65,0,Lost,1
4597.0,19,1,8.75,1,New,0
4600.0,46,1,65.53,1,New,0
4615.0,5,1,109.23,1,New,0
4623.0,21,1,159.38,1,New,0
4626.0,49,1,138.60999999999999,1,New,0
4629.0,68,1,74.28,0,Lost,1
4642.0,82,1,52.5,0,Lost,1
4644.0,43,1,64.38,1,New,0
4645.0,49,1,39.32,1,New,0
4649.0,48,1,131.15,1,New,0
4652.0,33,2,139.72,1,New,0
4654.0,15,1,114.64,1,New,0
4660.0,6,1,51.29,1,New,0
4663.0,108,1,96.1,0,Lost,1
4668.0,15,1,0.0,1,New,0
4669.0,95,2,99.5,0,Lost,1
4672.0,46,1,10.93,1,New,0
4678.0,99,1,133.25,0,Lost,1
4682.0,19,1,81.87,1,New,0
4683.0,22,3,332.19,1,New,0
4685.0,111,1,79.74000000000001,0,Lost,1
4687.0,27,1,367.45,1,New,0
4691.0,48,1,43.7,1,New,0
4704.0,41,2,198.75,1,New,0
4707.0,24,1,0.0,1,New,0
4709.0,43,2,8.75,1,New,0
4714.0,89,1,185.67,0,Lost,1
4720.0,56,1,107.12,1,New,0
4728.0,77,1,21.8,0,Lost,1
4735.0,90,2,329.78999999999996,0,Lost,1
4737.0,34,1,72.03,1,New,0
4738.0,87,2,173.77,0,Lost,1
4751.0,5,2,78.7,1,New,0
4756.0,14,1,17.5,1,New,0
4757.0,15,1,9.81,1,New,0
4774.0,24,2,44.78,1,New,0
4782.0,82,1,64.43,0,Lost,1
4787.0,98,1,376.4,0,Lost,1
4793.0,25,4,55.68,1,New,0
4806.0,27,1,149.65,1,New,0
4808.0,57,2,80.9,1,New,0
4814.0,5,3,171.87,1,New,0
4817.0,76,2,174.78,0,Lost,1
4834.0,56,1,54.64,1,New,0
4836.0,65,1,21.85,0,Lost,1
4840.0,51,1,22.37,1,New,0
4842.0,93,1,45.96,0,Lost,1
4846.0,48,1,42.66,1,New,0
4848.0,107,1,113.63,0,Lost,1
4857.0,20,1,0.0,1,New,0
4861.0,87,2,530.97,0,Lost,1
4862.0,70,1,0.0,0,Lost,1
4863.0,17,1,112.46,1,New,0
4864.0,7,1,10.93,1,New,0
4867.0,75,1,26.25,0,Lost,1
4870.0,111,1,81.94,0,Lost,1
4872.0,55,2,162.81,1,New,0
4884.0,41,2,81.91,1,New,0
4888.0,13,2,225.1,1,New,0
4903.0,110,1,28.38,0,Lost,1
4907.0,105,1,245.74,0,Lost,1
4911.0,56,1,26.25,1,New,0
4923.0,22,1,111.36,1,New,0
4935.0,28,1,96.05,1,New,0
4942.0,95,1,54.65,0,Lost,1
4943.0,12,1,14.16,1,New,0
4944.0,85,1,303.62,0,Lost,1
4946.0,37,2,171.48,1,New,0
4947.0,61,3,282.83,0,Lost,1
4956.0,6,1,15.32,1,New,0
4964.0,19,1,51.36,1,New,0
4971.0,105,1,44.79,0,Lost,1
4973.0,19,1,63.370000000000005,1,New,0
4983.0,12,2,103.81,1,New,0
4994.0,116,1,67.7,0,Lost,1
5005.0,9,1,21.84,1,New,0
5006.0,16,1,64.42,1,New,0
5009.0,111,1,92.88,0,Lost,1
5013.0,6,2,31.669999999999998,1,New,0
5017.0,77,1,32.82,0,Lost,1
5020.0,91,1,266.54,0,Lost,1
5037.0,62,1,137.65,0,Lost,1
5041.0,109,1,52.45,0,Lost,1
5043.0,17,1,51.29,1,New,0
5048.0,37,3,148.43,1,New,0
5060.0,12,1,103.77,1,New,0
5061.0,108,1,0.0,0,Lost,1
5064.0,66,1,223.85,0,Lost,1
5065.0,13,1,86.31,1,New,0
5073.0,47,1,71.03999999999999,1,New,0
5084.0,70,1,90.62,0,Lost,1
5091.0,91,1,91.7,0,Lost,1
5095.0,6,1,52.5,1,New,0
5114.0,103,1,148.54,0,Lost,1
5117.0,20,1,52.5,1,New,0
5128.0,5,1,75.43,1,New,0
5132.0,12,1,214.29,1,New,0
5134.0,49,1,85.22,1,New,0
5135.0,62,1,40.41,0,Lost,1
5136.0,48,1,62.24,1,New,0
5137.0,20,1,11.469999999999999,1,New,0
5138.0,23,1,9.26,1,New,0
5150.0,48,1,18.59,1,New,0
5151.0,9,1,13.12,1,New,0
5152.0,113,1,12.55,0,Lost,1
5153.0,77,1,194.36,0,Lost,1
5154.0,49,1,184.68,1,New,0
5162.0,41,1,26.25,1,New,0
5167.0,12,1,181.23,1,New,0
5171.0,111,1,84.07,0,Lost,1
5172.0,4,1,137.66,1,New,0
5174.0,69,1,93.85,0,Lost,1
5175.0,52,1,9.81,1,New,0
5185.0,4,1,65.58,1,New,0
5191.0,92,1,61.15,0,Lost,1
5198.0,111,1,95.02,0,Lost,1
5207.0,58,2,168.16,1,New,0
5213.0,34,2,311.53999999999996,1,New,0
5216.0,6,1,50.2,1,New,0
5230.0,48,1,56.76,1,New,0
5232.0,9,4,346.24,3,Occasional,0
5239.0,5,1,30.58,1,New,0
5253.0,28,1,90.67,1,New,0
5256.0,11,2,122.28999999999999,1,New,0
5262.0,6,1,123.53999999999999,1,New,0
5264.0,54,1,116.81,1,New,0
5267.0,38,1,197.64,1,New,0
5268.0,55,1,228.10999999999999,1,New,0
5285.0,112,1,14.21,0,Lost,1
5290.0,54,1,26.25,1,New,0
5306.0,6,1,61.08,1,New,0
5318.0,25,1,79.75999999999999,1,New,0
5322.0,6,1,98.34,1,New,0
5324.0,78,5,148.01,0,Lost,1
5325.0,108,1,82.98,0,Lost,1
5337.0,61,1,50.2,0,Lost,1
5338.0,111,1,99.36,0,Lost,1
5341.0,32,1,32.79,1,New,0
5347.0,34,1,171.42,1,New,0
5357.0,104,1,35.0,0,Lost,1
5358.0,89,2,894.7,3,Occasional,0
5359.0,49,1,182.32999999999998,1,New,0
5367.0,65,1,49.11,0,Lost,1
5370.0,66,2,106.97,0,Lost,1
5373.0,43,1,146.44,1,New,0
5377.0,70,1,80.71,0,Lost,1
5382.0,16,1,133.28,1,New,0
5385.0,41,1,0.0,1,New,0
5391.0,31,1,73.18,1,New,0
5401.0,26,1,74.27,1,New,0
5402.0,89,1,142.05,0,Lost,1
5403.0,34,1,126.56,1,New,0
5418.0,48,2,262.71999999999997,1,New,0
5422.0,75,1,62.239999999999995,0,Lost,1
5427.0,69,1,131.04,0,Lost,1
5434.0,58,1,58.959999999999994,1,New,0
5438.0,105,1,44.79,0,Lost,1
5440.0,40,1,66.57,1,New,0
5447.0,97,1,26.25,0,Lost,1
5449.0,90,2,763.87,3,Occasional,0
5465.0,27,1,41.57,1,New,0
5466.0,7,3,127.78999999999999,1,New,0
5471.0,33,1,91.72,1,New,0
5474.0,48,1,52.5,1,New,0
5481.0,47,2,281.81,1,New,0
5483.0,105,1,158.45,0,Lost,1
5486.0,97,1,176.88,0,Lost,1
5488.0,20,1,49.11,1,New,0
5490.0,54,1,227.0,1,New,0
5502.0,8,1,110.33,1,New,0
5503.0,47,1,96.08,1,New,0
5504.0,8,2,289.27,1,New,0
5507.0,6,1,78.65,1,New,0
5523.0,97,1,134.26,0,Lost,1
5533.0,56,1,46.980000000000004,1,New,0
5540.0,64,1,77.49,0,Lost,1
5549.0,19,1,30.64,1,New,0
5550.0,47,1,70.92,1,New,0
5552.0,107,1,64.42,0,Lost,1
5555.0,29,1,143.10999999999999,1,New,0
5561.0,89,1,218.45999999999998,0,Lost,1
5564.0,41,1,0.0,1,New,0
5565.0,110,1,146.35,0,Lost,1
5568.0,1,1,9.81,1,New,0
5570.0,106,1,71.03999999999999,0,Lost,1
5577.0,68,2,209.9,0,Lost,1
5581.0,47,1,43.72,1,New,0
5583.0,20,1,93.92999999999999,1,New,0
5592.0,3,1,166.0,1,New,0
5612.0,104,1,90.69,0,Lost,1
5616.0,95,1,9.81,0,Lost,1
5624.0,32,1,61.15,1,New,0
5626.0,90,2,144.03,0,Lost,1
5628.0,40,1,62.17,1,New,0
5633.0,20,1,26.25,1,New,0
5635.0,40,1,87.38,1,New,0
5639.0,56,1,37.15,1,New,0
5643.0,49,2,111.4,1,New,0
5644.0,35,1,56.870000000000005,1,New,0
5650.0,93,2,137.56,0,Lost,1
5652.0,69,1,60.06,0,Lost,1
5659.0,79,1,110.32,0,Lost,1
5662.0,14,1,26.25,1,New,0
5668.0,35,1,126.7,1,New,0
5672.0,34,1,46.91,1,New,0
5685.0,56,1,20.74,1,New,0
5687.0,16,1,69.83,1,New,0
5697.0,39,1,43.730000000000004,1,New,0
5698.0,76,1,43.68,0,Lost,1
5705.0,96,1,180.04,0,Lost,1
5709.0,117,1,72.08,0,Lost,1
5712.0,1,1,65.47,1,New,0
5716.0,13,1,144.15,1,New,0
5734.0,49,2,349.56,1,New,0
5744.0,27,2,199.82,1,New,0
5748.0,14,2,158.41,1,New,0
5749.0,20,1,114.74,1,New,0
5751.0,36,2,148.46,1,New,0
5755.0,17,1,231.53,1,New,0
5762.0,104,1,34.95,0,Lost,1
5773.0,80,1,65.47999999999999,0,Lost,1
5781.0,115,1,89.62,0,Lost,1
5786.0,27,1,98.38,1,New,0
5789.0,27,1,320.14,1,New,0
5790.0,97,1,74.32,0,Lost,1
5791.0,29,1,33.91,1,New,0
5796.0,113,1,331.08,0,Lost,1
5800.0,12,1,158.35999999999999,1,New,0
5802.0,63,1,53.54,0,Lost,1
5810.0,62,1,210.9,0,Lost,1
5811.0,114,1,57.89,0,Lost,1
5823.0,7,1,49.18,1,New,0
5829.0,76,1,38.230000000000004,0,Lost,1
5831.0,16,1,63.26,1,New,0
5835.0,100,1,5.46,0,Lost,1
5838.0,14,1,91.78,1,New,0
5841.0,103,1,112.59,0,Lost,1
5843.0,90,1,160.57999999999998,0,Lost,1
5852.0,102,1,167.15,0,Lost,1
5857.0,5,1,41.45,1,New,0
5858.0,44,1,0.0,1,New,0
5860.0,64,1,9.26,0,Lost,1
5862.0,98,1,13.12,0,Lost,1
5877.0,34,1,48.08,1,New,0
5878.0,97,1,0.0,0,Lost,1
5883.0,79,1,0.0,0,Lost,1
5895.0,77,1,146.3,0,Lost,1
5898.0,62,1,34.91,0,Lost,1
5916.0,47,1,0.0,1,New,0
5917.0,113,2,8.75,0,Lost,1
5918.0,112,1,105.94,0,Lost,1
5920.0,35,1,62.349999999999994,1,New,0
5925.0,41,1,66.61,1,New,0
5927.0,56,1,44.79,1,New,0
5930.0,6,1,15.32,1,New,0
5932.0,5,3,230.4,1,New,0
5934.0,29,1,53.54,1,New,0
5936.0,47,1,108.16,1,New,0
5938.0,90,1,161.63,0,Lost,1
5940.0,112,1,45.9,0,Lost,1
5944.0,111,1,111.57,0,Lost,1
5945.0,75,1,114.62,0,Lost,1
5947.0,95,1,30.62,0,Lost,1
5950.0,68,1,44.79,0,Lost,1
5952.0,90,1,232.64,0,Lost,1
5954.0,35,1,138.66,1,New,0
5966.0,104,1,50.269999999999996,0,Lost,1
5967.0,88,2,164.94,0,Lost,1
5982.0,70,1,32.82,0,Lost,1
5985.0,89,1,161.86,0,Lost,1
5988.0,27,1,20.17,1,New,0
5995.0,84,1,162.75,0,Lost,1
6001.0,54,1,68.78999999999999,1,New,0
6008.0,6,2,52.85,1,New,0
6011.0,28,1,39.28,1,New,0
6014.0,5,1,93.95,1,New,0
6019.0,100,1,16.41,0,Lost,1
6021.0,96,1,97.19,0,Lost,1
6025.0,40,1,48.14,1,New,0
6031.0,20,2,62.31,1,New,0
6035.0,103,1,74.2,0,Lost,1
6037.0,102,1,84.03999999999999,0,Lost,1
6039.0,96,1,57.93,0,Lost,1
6040.0,55,1,39.25,1,New,0
6041.0,12,1,43.75,1,New,0
6043.0,35,1,44.76,1,New,0
6044.0,111,1,32.75,0,Lost,1
6051.0,93,1,21.86,0,Lost,1
6053.0,13,1,97.19,1,New,0
6056.0,96,1,48.09,0,Lost,1
6058.0,77,1,30.64,0,Lost,1
6066.0,13,1,46.98,1,New,0
6070.0,55,1,28.439999999999998,1,New,0
6072.0,13,2,106.03999999999999,1,New,0
6076.0,41,1,110.19999999999999,1,New,0
6082.0,13,1,45.89,1,New,0
6094.0,85,1,118.06,0,Lost,1
6097.0,48,1,52.5,1,New,0
6099.0,39,1,26.25,1,New,0
6100.0,111,1,65.62,0,Lost,1
6103.0,90,2,360.57,0,Lost,1
6110.0,75,1,115.78,0,Lost,1
6120.0,70,2,188.93,0,Lost,1
6125.0,10,1,54.019999999999996,1,New,0
6135.0,49,1,56.81,1,New,0
6140.0,14,1,80.8,1,New,0
6147.0,20,1,11.469999999999999,1,New,0
6151.0,98,1,54.53,0,Lost,1
6155.0,48,1,120.09,1,New,0
6156.0,55,1,33.79,1,New,0
6157.0,20,1,194.41,1,New,0
6166.0,50,1,10.93,1,New,0
6168.0,48,1,61.25,1,New,0
6171.0,113,1,124.56,0,Lost,1
6176.0,57,1,72.06,1,New,0
6186.0,20,1,84.07,1,New,0
6187.0,42,1,45.87,1,New,0
6192.0,42,1,114.69,1,New,0
6194.0,68,1,138.64,0,Lost,1
6196.0,39,2,90.58,1,New,0
6200.0,4,1,133.29,1,New,0
6201.0,71,1,31.659999999999997,0,Lost,1
6208.0,112,1,91.72,0,Lost,1
6215.0,89,1,159.43,0,Lost,1
6217.0,13,1,216.29999999999998,1,New,0
6228.0,13,1,45.39,1,New,0
6230.0,12,1,39.32,1,New,0
6244.0,12,1,109.22999999999999,1,New,0
6245.0,104,1,93.9,0,Lost,1
6250.0,10,1,54.58,1,New,0
6256.0,5,1,54.04,1,New,0
6258.0,104,1,15.25,0,Lost,1
6260.0,25,2,131.05,1,New,0
6261.0,95,1,25.13,0,Lost,1
6271.0,50,1,125.6,1,New,0
6272.0,26,1,122.5,1,New,0
6276.0,93,1,52.5,0,Lost,1
6283.0,92,1,65.53,0,Lost,1
6289.0,12,2,114.55,1,New,0
6291.0,34,1,80.72999999999999,1,New,0
6293.0,5,1,54.5,1,New,0
6296.0,62,1,20.74,0,Lost,1
6298.0,11,1,14.21,1,New,0
6299.0,6,1,138.81,1,New,0
6304.0,96,1,30.619999999999997,0,Lost,1
6306.0,106,1,0.0,0,Lost,1
6315.0,16,1,96.03,1,New,0
6317.0,26,1,21.82,1,New,0
6324.0,41,2,80.94,1,New,0
6325.0,5,1,68.81,1,New,0
6326.0,17,1,51.36,1,New,0
6329.0,40,1,100.44,1,New,0
6364.0,10,1,85.2,1,New,0
6365.0,19,1,68.88,1,New,0
6375.0,28,1,162.65,1,New,0
6379.0,78,1,89.6,0,Lost,1
6382.0,99,1,77.47,0,Lost,1
6384.0,45,1,161.59,1,New,0
6386.0,5,1,80.91,1,New,0
6388.0,84,1,60.11,0,Lost,1
6389.0,111,2,305.83,0,Lost,1
6400.0,102,1,92.81,0,Lost,1
6405.0,15,1,41.57,1,New,0
6406.0,17,1,273.1,1,New,0
6408.0,47,2,24.0,1,New,0
6411.0,43,1,9.26,1,New,0
6417.0,116,1,98.32,0,Lost,1
6432.0,19,1,44.79,1,New,0
6442.0,12,1,120.17,1,New,0
6443.0,56,1,55.739999999999995,1,New,0
6451.0,2,1,78.67,1,New,0
6452.0,34,2,121.28999999999999,1,New,0
6454.0,64,1,70.0,0,Lost,1
6456.0,89,2,152.85999999999999,0,Lost,1
6457.0,66,1,150.74,0,Lost,1
6468.0,56,1,52.5,1,New,0
6471.0,46,1,32.82,1,New,0
6477.0,11,2,136.07,1,New,0
6480.0,90,1,212.1,0,Lost,1
6482.0,12,1,240.2,1,New,0
6488.0,27,1,48.0,1,New,0
6489.0,96,1,45.879999999999995,0,Lost,1
6493.0,16,1,5.46,1,New,0
6494.0,72,2,201.04,0,Lost,1
6497.0,113,1,37.15,0,Lost,1
6505.0,10,1,19.68,1,New,0
6512.0,34,1,10.9,1,New,0
6513.0,83,3,254.47,0,Lost,1
6518.0,29,1,50.32,1,New,0
6525.0,22,1,123.53999999999999,1,New,0
6530.0,29,1,6.57,1,New,0
6531.0,16,1,104.8,1,New,0
6536.0,39,1,134.36,1,New,0
6537.0,75,1,148.45,0,Lost,1
6554.0,104,1,161.61,0,Lost,1
6555.0,89,2,250.12,0,Lost,1
6559.0,50,3,92.85,1,New,0
6582.0,69,1,242.51999999999998,0,Lost,1
6593.0,77,1,59.06,0,Lost,1
6594.0,111,1,243.60999999999999,0,Lost,1
6604.0,90,2,123.47,0,Lost,1
6609.0,62,1,227.14,0,Lost,1
6610.0,111,1,103.67999999999999,0,Lost,1
6617.0,47,1,115.77,1,New,0
6618.0,101,1,96.13,0,Lost,1
6625.0,7,1,119.00999999999999,1,New,0
6631.0,85,1,87.25999999999999,0,Lost,1
6633.0,19,1,27.34,1,New,0
6635.0,37,2,288.17,1,New,0
6646.0,62,1,117.97,0,Lost,1
6647.0,16,1,84.07,1,New,0
6672.0,22,1,176.91,1,New,0
6675.0,111,1,163.85999999999999,0,Lost,1
6677.0,41,1,0.0,1,New,0
6678.0,107,1,51.36,0,Lost,1
6680.0,103,1,99.43,0,Lost,1
6683.0,51,1,54.56,1,New,0
6691.0,95,1,112.49,0,Lost,1
6696.0,48,1,141.97,1,New,0
6697.0,110,1,43.64,0,Lost,1
6698.0,7,1,137.65,1,New,0
6701.0,40,1,75.36,1,New,0
6718.0,75,1,28.38,0,Lost,1
6720.0,62,1,131.19,0,Lost,1
6732.0,83,1,18.54,0,Lost,1
6733.0,89,1,98.26,0,Lost,1
6734.0,5,1,104.78999999999999,1,New,0
6737.0,96,1,114.67,0,Lost,1
6740.0,40,1,66.62,1,New,0
6741.0,6,1,0.0,1,New,0
6742.0,91,1,399.92,0,Lost,1
6745.0,91,2,286.25,0,Lost,1
6752.0,105,1,233.81,0,Lost,1
6756.0,34,1,35.0,1,New,0
6760.0,46,1,21.86,1,New,0
6761.0,59,1,160.46,0,Lost,1
6770.0,41,1,46.989999999999995,1,New,0
6772.0,111,1,404.15,0,Lost,1
6773.0,104,1,92.95,0,Lost,1
6785.0,49,1,52.39,1,New,0
6788.0,90,2,194.37,0,Lost,1
6789.0,87,1,110.3,0,Lost,1
6799.0,1,7,330.84999999999997,3,Occasional,0
6805.0,12,1,41.57,1,New,0
6809.0,59,1,26.240000000000002,0,Lost,1
6817.0,12,1,156.4,1,New,0
6821.0,4,2,221.88,1,New,0
6827.0,27,2,67.77,1,New,0
6829.0,16,1,162.76999999999998,1,New,0
6830.0,65,1,36.09,0,Lost,1
6834.0,96,1,109.25999999999999,0,Lost,1
6835.0,107,1,62.17,0,Lost,1
6836.0,21,1,39.85,1,New,0
6837.0,68,1,99.31,0,Lost,1
6844.0,77,1,6.58,0,Lost,1
6845.0,95,2,135.42,0,Lost,1
6846.0,55,1,52.5,1,New,0
6847.0,47,1,112.43,1,New,0
6851.0,15,1,70.99,1,New,0
6857.0,68,1,63.29,0,Lost,1
6865.0,69,1,44.79,0,Lost,1
6868.0,47,1,98.25,1,New,0
6870.0,66,1,151.79,0,Lost,1
6872.0,75,1,14.21,0,Lost,1
6874.0,34,1,112.41999999999999,1,New,0
6879.0,104,1,13.12,0,Lost,1
6884.0,98,1,115.78999999999999,0,Lost,1
6885.0,4,1,52.01,1,New,0
6888.0,34,1,846.56,3,Occasional,0
6890.0,83,1,278.4,0,Lost,1
6896.0,41,4,302.06,3,Occasional,0
6897.0,6,2,126.78999999999999,1,New,0
6904.0,66,1,26.24,0,Lost,1
6907.0,41,1,167.09,1,New,0
6909.0,15,2,200.84,1,New,0
6913.0,19,1,18.59,1,New,0
6916.0,91,1,63.4,0,Lost,1
6928.0,13,1,132.16,1,New,0
6931.0,59,1,135.42,0,Lost,1
6934.0,76,2,120.13,0,Lost,1
6935.0,11,1,76.42999999999999,1,New,0
6940.0,70,1,47.57,0,Lost,1
6941.0,64,1,14.21,0,Lost,1
6949.0,111,1,19.68,0,Lost,1
6958.0,13,2,52.5,1,New,0
6961.0,32,1,32.82,1,New,0
6966.0,85,1,61.14,0,Lost,1
6970.0,81,1,240.34,0,Lost,1
6977.0,110,1,16.41,0,Lost,1
6978.0,33,1,14.21,1,New,0
6981.0,62,1,44.22,0,Lost,1
6985.0,54,2,130.88,1,New,0
6986.0,80,1,64.36,0,Lost,1
6988.0,93,1,50.269999999999996,0,Lost,1
6996.0,102,1,64.47999999999999,0,Lost,1
6998.0,34,1,390.98,1,New,0
7000.0,80,1,40.41,0,Lost,1
7001.0,35,2,231.60999999999999,1,New,0
7004.0,17,1,34.95,1,New,0
7005.0,110,1,16.41,0,Lost,1
7006.0,50,1,88.50999999999999,1,New,0
7010.0,16,1,63.46,1,New,0
7013.0,5,1,58.91,1,New,0
7017.0,5,1,123.33,1,New,0
7019.0,1,7,306.85,3,Occasional,0
7025.0,54,1,42.65,1,New,0
7029.0,35,1,33.86,1,New,0
7030.0,74,1,49.18,0,Lost,1
7035.0,19,1,94.0,1,New,0
7039.0,114,1,21.87,0,Lost,1
7042.0,98,1,30.64,0,Lost,1
7045.0,5,3,368.11,1,New,0
7049.0,64,1,56.7,0,Lost,1
7066.0,44,2,164.98,1,New,0
7067.0,48,1,26.25,1,New,0
7072.0,82,1,129.87,0,Lost,1
7073.0,112,1,0.0,0,Lost,1
7074.0,112,1,49.17,0,Lost,1
7075.0,68,1,30.64,0,Lost,1
7080.0,49,3,131.05,1,New,0
7090.0,75,1,27.36,0,Lost,1
7093.0,82,1,16.41,0,Lost,1
7095.0,96,1,86.36,0,Lost,1
7098.0,48,1,269.64,1,New,0
7100.0,72,1,73.18,0,Lost,1
7101.0,61,1,37.15,0,Lost,1
7120.0,78,2,162.67,0,Lost,1
7143.0,7,1,10.93,1,New,0
7146.0,110,1,103.75,0,Lost,1
7165.0,46,1,10.92,1,New,0
7166.0,76,1,72.08,0,Lost,1
7175.0,36,1,36.04,1,New,0
7176.0,40,1,43.71,1,New,0
7183.0,52,1,31.7,1,New,0
7184.0,5,1,29.49,1,New,0
7196.0,41,1,79.74,1,New,0
7198.0,11,1,63.349999999999994,1,New,0
7199.0,83,1,78.69,0,Lost,1
7203.0,46,1,29.53,1,New,0
7210.0,73,1,34.95,0,Lost,1
7215.0,5,1,68.87,1,New,0
7217.0,9,1,55.730000000000004,1,New,0
7220.0,62,1,87.39,0,Lost,1
7223.0,57,1,246.85,1,New,0
7224.0,12,1,78.03,1,New,0
7230.0,36,1,26.2,1,New,0
7232.0,106,1,45.879999999999995,0,Lost,1
7233.0,89,1,92.84,0,Lost,1
7234.0,100,1,39.32,0,Lost,1
7240.0,36,1,50.25,1,New,0
7241.0,89,1,174.8,0,Lost,1
7242.0,104,1,40.37,0,Lost,1
7251.0,112,1,16.41,0,Lost,1
7254.0,98,2,89.58,0,Lost,1
7256.0,48,4,170.37,1,New,0
7257.0,19,1,24.0,1,New,0
7260.0,117,1,21.33,0,Lost,1
7261.0,35,1,13.05,1,New,0
7264.0,30,1,50.269999999999996,1,New,0
7267.0,41,1,90.66,1,New,0
7271.0,80,1,227.21,0,Lost,1
7273.0,49,1,111.41,1,New,0
7278.0,112,1,21.82,0,Lost,1
7280.0,20,1,88.44,1,New,0
7281.0,6,1,104.75999999999999,1,New,0
7290.0,27,1,61.69,1,New,0
7295.0,61,1,26.25,0,Lost,1
7296.0,8,2,134.47,1,New,0
7298.0,12,1,71.03999999999999,1,New,0
7299.0,51,1,31.73,1,New,0
7302.0,54,1,116.88,1,New,0
7306.0,96,1,48.0,0,Lost,1
7313.0,19,1,43.7,1,New,0
7316.0,66,1,25.09,0,Lost,1
7341.0,111,1,52.5,0,Lost,1
7346.0,46,1,92.82,1,New,0
7357.0,90,2,45.82,0,Lost,1
7366.0,89,1,205.44,0,Lost,1
7371.0,80,1,48.07,0,Lost,1
7375.0,34,1,284.0,1,New,0
7383.0,89,2,172.66,0,Lost,1
7386.0,22,1,137.55,1,New,0
7388.0,111,1,18.64,0,Lost,1
7389.0,105,1,63.269999999999996,0,Lost,1
7390.0,76,1,172.55,0,Lost,1
7391.0,96,1,10.93,0,Lost,1
7400.0,90,1,198.81,0,Lost,1
7401.0,96,1,157.24,0,Lost,1
7402.0,84,1,61.28,0,Lost,1
7407.0,36,1,102.67,1,New,0
7408.0,49,1,87.35,1,New,0
7417.0,9,1,30.56,1,New,0
7421.0,103,1,64.91,0,Lost,1
7424.0,97,1,10.93,0,Lost,1
7425.0,35,1,27.33,1,New,0
7427.0,117,1,46.98,0,Lost,1
7439.0,61,1,75.3,0,Lost,1
7447.0,7,2,26.25,1,New,0
7448.0,41,1,96.11,1,New,0
7451.0,34,1,236.1,1,New,0
7453.0,35,1,113.64,1,New,0
7459.0,49,1,195.5,1,New,0
7473.0,79,1,194.44,0,Lost,1
7474.0,91,2,87.33,0,Lost,1
7478.0,34,3,341.28999999999996,1,New,0
7485.0,34,1,323.26,1,New,0
7502.0,31,1,54.64,1,New,0
7504.0,110,1,24.009999999999998,0,Lost,1
7513.0,15,3,242.55,1,New,0
7519.0,89,1,137.6,0,Lost,1
7526.0,110,1,51.29,0,Lost,1
7528.0,56,1,0.0,1,New,0
7530.0,19,1,69.89,1,New,0
7536.0,80,1,58.98,0,Lost,1
7541.0,20,1,100.49,1,New,0
7550.0,76,1,121.3,0,Lost,1
7551.0,68,1,22.91,0,Lost,1
7556.0,82,1,26.25,0,Lost,1
7566.0,105,1,36.04,0,Lost,1
7570.0,5,1,27.29,1,New,0
7571.0,90,1,183.35,0,Lost,1
7576.0,5,2,121.24,1,New,0
7578.0,76,1,32.82,0,Lost,1
7586.0,20,1,122.3,1,New,0
7589.0,12,1,92.86,1,New,0
7592.0,42,1,103.72,1,New,0
7602.0,61,1,26.25,0,Lost,1
7604.0,54,1,87.35,1,New,0
7617.0,83,1,240.93,0,Lost,1
7625.0,50,1,9.81,1,New,0
7626.0,96,1,8.75,0,Lost,1
7627.0,81,1,84.13,0,Lost,1
7634.0,97,1,25.159999999999997,0,Lost,1
7635.0,80,1,163.78,0,Lost,1
7638.0,40,2,232.93,1,New,0
7644.0,105,1,144.17,0,Lost,1
7650.0,45,1,9.26,1,New,0
7663.0,75,1,78.63,0,Lost,1
7664.0,54,1,52.5,1,New,0
7665.0,5,1,26.25,1,New,0
7667.0,98,1,68.78999999999999,0,Lost,1
7669.0,55,1,39.25,1,New,0
7671.0,48,1,43.65,1,New,0
7675.0,86,2,335.22,0,Lost,1
7678.0,35,1,34.95,1,New,0
7680.0,14,1,164.94,1,New,0
7687.0,62,2,466.37,0,Lost,1
7691.0,12,2,141.88,1,New,0
7693.0,111,1,364.23,0,Lost,1
7695.0,22,1,71.03999999999999,1,New,0
7700.0,41,1,8.75,1,New,0
7703.0,47,1,64.38,1,New,0
7706.0,33,1,17.5,1,New,0
7709.0,76,1,320.02,0,Lost,1
7716.0,55,2,72.11,1,New,0
7721.0,45,1,17.5,1,New,0
7730.0,19,2,90.63,1,New,0
7733.0,91,2,109.22999999999999,0,Lost,1
7744.0,41,1,44.0,1,New,0
7745.0,36,1,0.0,1,New,0
7746.0,14,1,61.11,1,New,0
7752.0,91,1,144.2,0,Lost,1
7759.0,9,1,34.37,1,New,0
7760.0,110,1,26.25,0,Lost,1
7763.0,104,1,205.35999999999999,0,Lost,1
7765.0,7,4,265.27,1,New,0
7772.0,100,1,89.71000000000001,0,Lost,1
7777.0,44,2,101.59,1,New,0
7779.0,28,1,45.879999999999995,1,New,0
7792.0,110,1,100.63,0,Lost,1
7796.0,113,1,126.6,0,Lost,1
7798.0,30,2,30.56,1,New,0
7817.0,14,1,0.0,1,New,0
7830.0,54,1,109.28,1,New,0
7840.0,8,1,34.95,1,New,0
7844.0,49,1,36.04,1,New,0
7853.0,1,2,168.14,1,New,0
7856.0,70,1,136.45,0,Lost,1
7862.0,104,1,15.26,0,Lost,1
7864.0,12,3,101.67,1,New,0
7868.0,71,1,55.8,0,Lost,1
7873.0,56,1,38.18,1,New,0
7886.0,105,1,334.32,0,Lost,1
7900.0,96,1,52.45,0,Lost,1
7904.0,80,1,231.56,0,Lost,1
7908.0,48,2,241.43,1,New,0
7909.0,65,1,206.37,0,Lost,1
7916.0,65,2,45.879999999999995,0,Lost,1
7917.0,78,2,192.28,0,Lost,1
7924.0,103,1,8.75,0,Lost,1
7926.0,111,1,102.65,0,Lost,1
7935.0,33,1,52.5,1,New,0
7936.0,41,1,36.04,1,New,0
7938.0,104,1,72.1,0,Lost,1
7939.0,104,1,73.24,0,Lost,1
7940.0,117,1,48.07,0,Lost,1
7944.0,89,1,138.72,0,Lost,1
7946.0,16,1,71.03999999999999,1,New,0
7949.0,111,1,109.21,0,Lost,1
7952.0,28,1,124.53,1,New,0
7953.0,5,2,195.48,1,New,0
7957.0,111,1,10.9,0,Lost,1
7962.0,7,1,27.310000000000002,1,New,0
7965.0,49,4,295.96,3,Occasional,0
7968.0,34,1,102.72,1,New,0
7979.0,3,1,54.519999999999996,1,New,0
7982.0,43,1,10.9,1,New,0
7983.0,11,1,8.75,1,New,0
7984.0,61,1,52.5,0,Lost,1
7989.0,111,1,26.25,0,Lost,1
7992.0,106,1,91.75999999999999,0,Lost,1
8001.0,57,1,170.38,1,New,0
8005.0,35,1,86.31,1,New,0
8009.0,73,1,10.92,0,Lost,1
8010.0,36,2,87.4,1,New,0
8014.0,37,1,16.41,1,New,0
8015.0,84,1,108.13,0,Lost,1
8018.0,34,1,323.76,1,New,0
8028.0,34,1,270.98,1,New,0
8034.0,55,1,81.82,1,New,0
8035.0,48,1,89.53999999999999,1,New,0
8037.0,35,2,94.42,1,New,0
8048.0,37,1,109.22,1,New,0
8050.0,41,1,71.03999999999999,1,New,0
8063.0,29,2,98.27,1,New,0
8065.0,64,1,21.86,0,Lost,1
8072.0,110,1,50.25,0,Lost,1
8075.0,35,2,207.5,1,New,0
8083.0,54,1,34.88,1,New,0
8087.0,33,1,85.16,1,New,0
8091.0,30,1,37.120000000000005,1,New,0
8096.0,74,1,50.0,0,Lost,1
8099.0,61,1,103.74,0,Lost,1
8114.0,89,1,146.23,0,Lost,1
8115.0,65,1,5.46,0,Lost,1
8120.0,12,1,35.0,1,New,0
8121.0,64,1,0.0,0,Lost,1
8145.0,46,1,74.27,1,New,0
8154.0,75,1,58.97,0,Lost,1
8157.0,97,1,92.75999999999999,0,Lost,1
8159.0,27,1,139.76,1,New,0
8163.0,97,2,48.04,0,Lost,1
8187.0,34,1,32.75,1,New,0
8190.0,28,2,55.78,1,New,0
8191.0,93,1,144.15,0,Lost,1
8196.0,56,1,103.75999999999999,1,New,0
8198.0,3,1,16.38,1,New,0
8204.0,108,1,22.96,0,Lost,1
8212.0,62,1,118.99,0,Lost,1
8217.0,63,1,76.41,0,Lost,1
8221.0,62,1,26.25,0,Lost,1
8226.0,57,1,82.91,1,New,0
8229.0,55,1,38.22,1,New,0
8233.0,102,1,143.02,0,Lost,1
8237.0,59,1,279.6,0,Lost,1
8241.0,14,1,13.07,1,New,0
8249.0,91,1,133.27,0,Lost,1
8254.0,12,3,495.88,3,Occasional,0
8257.0,114,1,144.2,0,Lost,1
8261.0,111,1,104.81,0,Lost,1
8262.0,39,1,110.26,1,New,0
8269.0,14,1,109.14,1,New,0
8272.0,103,1,72.03,0,Lost,1
8275.0,77,1,17.5,0,Lost,1
8278.0,74,1,66.63,0,Lost,1
8282.0,26,1,81.93,1,New,0
8285.0,70,1,10.93,0,Lost,1
8289.0,22,1,97.19,1,New,0
8292.0,7,1,84.09,1,New,0
8294.0,89,1,76.47999999999999,0,Lost,1
8301.0,91,1,137.57999999999998,0,Lost,1
8303.0,37,2,75.41,1,New,0
8310.0,15,1,5.46,1,New,0
8312.0,27,1,51.28,1,New,0
8318.0,104,1,145.26,0,Lost,1
8330.0,54,1,51.36,1,New,0
8335.0,85,1,37.16,0,Lost,1
8337.0,2,1,41.519999999999996,1,New,0
8340.0,6,1,156.19,1,New,0
8342.0,70,1,109.38,0,Lost,1
8351.0,90,1,271.82,0,Lost,1
8363.0,5,1,42.66,1,New,0
8364.0,104,1,85.17999999999999,0,Lost,1
8377.0,86,1,299.12,0,Lost,1
8378.0,6,1,93.95,1,New,0
8381.0,40,1,29.49,1,New,0
8383.0,66,1,60.06999999999999,0,Lost,1
8393.0,90,2,206.28,0,Lost,1
8394.0,21,2,173.8,1,New,0
8395.0,47,1,43.7,1,New,0
8404.0,13,1,109.16,1,New,0
8406.0,91,1,408.34,0,Lost,1
8407.0,89,1,109.16,0,Lost,1
8411.0,78,1,82.95,0,Lost,1
8413.0,56,1,279.69,1,New,0
8422.0,37,1,55.61,1,New,0
8423.0,75,1,173.82,0,Lost,1
8424.0,27,1,65.62,1,New,0
8428.0,90,1,126.72,0,Lost,1
8429.0,48,2,140.93,1,New,0
8431.0,72,2,26.25,0,Lost,1
8434.0,115,1,14.16,0,Lost,1
8435.0,5,1,161.67,1,New,0
8436.0,13,1,81.96,1,New,0
8437.0,29,3,234.92,1,New,0
8439.0,13,1,26.25,1,New,0
8443.0,6,1,39.28,1,New,0
8451.0,27,1,38.230000000000004,1,New,0
8453.0,102,1,52.5,0,Lost,1
8457.0,90,2,121.19,0,Lost,1
8460.0,41,1,117.92999999999999,1,New,0
8465.0,117,2,445.12,0,Lost,1
8466.0,61,1,17.45,0,Lost,1
8479.0,8,1,52.47,1,New,0
8480.0,47,1,26.25,1,New,0
8481.0,110,1,108.24,0,Lost,1
8484.0,111,1,28.439999999999998,0,Lost,1
8486.0,3,2,63.31,1,New,0
8490.0,97,1,52.5,0,Lost,1
8492.0,101,1,111.36,0,Lost,1
8496.0,29,1,135.57,1,New,0
8504.0,49,1,36.04,1,New,0
8511.0,14,1,15.32,1,New,0
8516.0,104,1,63.32,0,Lost,1
8525.0,84,1,35.0,0,Lost,1
8526.0,40,1,92.84,1,New,0
8528.0,23,1,78.64999999999999,1,New,0
8532.0,43,1,81.97999999999999,1,New,0
8540.0,82,1,224.83,0,Lost,1
8541.0,109,1,257.03,0,Lost,1
8556.0,12,1,79.68,1,New,0
8557.0,102,1,61.25,0,Lost,1
8558.0,104,1,130.16,0,Lost,1
8563.0,54,1,52.5,1,New,0
8565.0,19,1,13.07,1,New,0
8573.0,57,1,42.61,1,New,0
8583.0,111,1,113.55,0,Lost,1
8584.0,108,1,57.92999999999999,0,Lost,1
8595.0,41,1,0.0,1,New,0
8596.0,20,1,43.75,1,New,0
8601.0,35,1,184.6,1,New,0
8605.0,35,1,50.269999999999996,1,New,0
8609.0,34,1,72.13,1,New,0
8611.0,36,1,248.04,1,New,0
8614.0,47,2,178.09,1,New,0
8625.0,35,2,113.6,1,New,0
8627.0,110,1,35.0,0,Lost,1
8631.0,65,1,171.56,0,Lost,1
8633.0,22,1,71.03999999999999,1,New,0
8644.0,98,1,39.38,0,Lost,1
8648.0,104,1,95.06,0,Lost,1
8649.0,42,1,52.5,1,New,0
8651.0,81,1,31.73,0,Lost,1
8652.0,9,2,56.84,1,New,0
8669.0,68,1,48.03,0,Lost,1
8675.0,117,1,112.52,0,Lost,1
8683.0,90,2,169.26,0,Lost,1
8684.0,3,1,30.57,1,New,0
8690.0,98,1,91.7,0,Lost,1
8704.0,48,1,101.57,1,New,0
8709.0,48,1,221.91,1,New,0
8718.0,43,2,187.92,1,New,0
8730.0,117,1,18.54,0,Lost,1
8744.0,6,1,119.11,1,New,0
8747.0,8,1,124.5,1,New,0
8752.0,8,1,71.03999999999999,1,New,0
8753.0,89,2,241.4,0,Lost,1
8754.0,89,1,154.98,0,Lost,1
8759.0,63,1,112.56,0,Lost,1
8760.0,61,1,119.03999999999999,0,Lost,1
8763.0,38,1,69.88,1,New,0
8767.0,96,1,48.07,0,Lost,1
8768.0,3,1,13.12,1,New,0
8782.0,92,1,8.75,0,Lost,1
8784.0,6,3,350.27,1,New,0
8792.0,113,1,124.6,0,Lost,1
8795.0,63,1,137.64,0,Lost,1
8800.0,112,1,111.36,0,Lost,1
8804.0,59,1,92.82,0,Lost,1
8805.0,42,1,118.03,1,New,0
8806.0,89,1,155.71,0,Lost,1
8816.0,40,2,62.26,1,New,0
8821.0,35,1,112.52,1,New,0
8822.0,61,2,9.26,0,Lost,1
8831.0,97,1,26.25,0,Lost,1
8834.0,117,1,162.62,0,Lost,1
8840.0,6,1,95.08,1,New,0
8841.0,114,1,37.15,0,Lost,1
8842.0,89,1,102.61,0,Lost,1
8843.0,112,1,16.41,0,Lost,1
8847.0,78,1,55.69,0,Lost,1
8848.0,110,1,201.13,0,Lost,1
8863.0,83,1,78.84,0,Lost,1
8868.0,49,1,76.5,1,New,0
8871.0,97,1,0.0,0,Lost,1
8889.0,112,1,81.93,0,Lost,1
8893.0,51,1,103.82,1,New,0
8896.0,76,1,39.28,0,Lost,1
8905.0,83,1,462.36,0,Lost,1
8914.0,111,1,33.81,0,Lost,1
8918.0,114,1,18.54,0,Lost,1
8925.0,48,1,143.12,1,New,0
8926.0,114,1,38.230000000000004,0,Lost,1
8927.0,117,1,14.16,0,Lost,1
8928.0,82,1,0.0,0,Lost,1
8940.0,66,1,52.5,0,Lost,1
8954.0,105,1,52.5,0,Lost,1
8955.0,74,1,47.019999999999996,0,Lost,1
8956.0,92,1,61.22,0,Lost,1
8959.0,32,1,92.87,1,New,0
8974.0,34,1,73.24,1,New,0
8976.0,40,1,9.81,1,New,0
9000.0,92,1,0.0,0,Lost,1
9004.0,6,1,113.53999999999999,1,New,0
9005.0,34,1,8.75,1,New,0
9009.0,3,1,10.93,1,New,0
9010.0,19,2,54.629999999999995,1,New,0
9019.0,62,1,129.87,0,Lost,1
9020.0,34,1,8.75,1,New,0
9035.0,41,1,26.25,1,New,0
9038.0,43,1,24.08,1,New,0
9065.0,20,2,163.87,1,New,0
9070.0,12,1,92.82,1,New,0
9074.0,73,1,51.36,0,Lost,1
9090.0,17,1,31.66,1,New,0
9095.0,41,1,0.0,1,New,0
9103.0,15,1,100.47,1,New,0
9109.0,34,1,161.64,1,New,0
9111.0,91,2,293.52,0,Lost,1
9112.0,20,1,107.1,1,New,0
9114.0,65,1,237.37,0,Lost,1
9127.0,5,2,308.14,1,New,0
9128.0,55,1,16.41,1,New,0
9129.0,12,1,302.74,1,New,0
9130.0,48,1,52.5,1,New,0
9132.0,4,1,37.16,1,New,0
9136.0,42,1,73.17,1,New,0
9145.0,83,1,252.03,0,Lost,1
9152.0,76,1,108.17,0,Lost,1
9160.0,82,2,85.2,0,Lost,1
9161.0,73,2,431.51,0,Lost,1
9165.0,15,1,70.93,1,New,0
9166.0,5,1,58.9,1,New,0
9183.0,78,1,44.86,0,Lost,1
9184.0,69,1,26.24,0,Lost,1
9185.0,90,1,475.16999999999996,0,Lost,1
9186.0,12,1,60.05,1,New,0
9188.0,90,2,135.64,0,Lost,1
9193.0,61,1,71.03999999999999,0,Lost,1
9195.0,9,1,31.659999999999997,1,New,0
9197.0,89,1,176.0,0,Lost,1
9198.0,109,1,38.230000000000004,0,Lost,1
9206.0,76,1,103.77,0,Lost,1
9213.0,8,2,127.75999999999999,1,New,0
9224.0,34,1,139.9,1,New,0
9229.0,7,1,10.9,1,New,0
9231.0,6,1,24.07,1,New,0
9239.0,36,1,66.63,1,New,0
9255.0,37,2,110.25999999999999,1,New,0
9261.0,55,1,9.81,1,New,0
9265.0,6,2,18.54,1,New,0
9270.0,117,1,18.54,0,Lost,1
9271.0,26,1,49.129999999999995,1,New,0
9272.0,16,1,194.43,1,New,0
9278.0,8,1,204.35999999999999,1,New,0
9287.0,115,1,50.24,0,Lost,1
9290.0,27,1,87.4,1,New,0
9292.0,82,1,39.32,0,Lost,1
9310.0,81,1,16.38,0,Lost,1
9315.0,6,1,76.4,1,New,0
9316.0,117,1,30.51,0,Lost,1
9319.0,28,1,32.82,1,New,0
9321.0,47,1,22.96,1,New,0
9324.0,79,1,117.97,0,Lost,1
9327.0,90,1,388.90999999999997,0,Lost,1
9332.0,22,1,5.46,1,New,0
9334.0,20,1,147.56,1,New,0
9340.0,117,1,226.34,0,Lost,1
9345.0,5,4,210.67,1,New,0
9346.0,111,1,491.02,0,Lost,1
9352.0,105,1,30.64,0,Lost,1
9354.0,78,1,36.04,0,Lost,1
9355.0,61,1,17.5,0,Lost,1
9359.0,27,1,133.25,1,New,0
9361.0,15,1,26.25,1,New,0
9372.0,105,1,266.17,0,Lost,1
9386.0,62,1,67.7,0,Lost,1
9389.0,41,1,55.64,1,New,0
9395.0,101,1,19.63,0,Lost,1
9396.0,98,1,55.78,0,Lost,1
9398.0,103,1,74.22,0,Lost,1
9421.0,110,1,62.17999999999999,0,Lost,1
9436.0,6,3,229.33999999999997,1,New,0
9442.0,61,1,15.27,0,Lost,1
9449.0,83,1,58.89,0,Lost,1
9451.0,19,1,259.99,1,New,0
9452.0,106,1,40.43,0,Lost,1
9457.0,57,1,20.74,1,New,0
9465.0,104,1,43.629999999999995,0,Lost,1
9466.0,16,1,195.56,1,New,0
9489.0,57,2,529.78,3,Occasional,0
9494.0,6,1,8.75,1,New,0
9499.0,40,1,52.5,1,New,0
9505.0,41,1,66.61,1,New,0
9513.0,96,1,52.5,0,Lost,1
9515.0,6,1,105.0,1,New,0
9519.0,75,1,56.82,0,Lost,1
9521.0,73,1,111.41,0,Lost,1
9539.0,42,1,77.61,1,New,0
9541.0,56,1,44.79,1,New,0
9550.0,59,1,5.46,0,Lost,1
9552.0,20,2,192.2,1,New,0
9553.0,76,1,334.17,0,Lost,1
9555.0,54,3,106.95,1,New,0
9558.0,48,1,103.69,1,New,0
9571.0,16,1,91.67999999999999,1,New,0
9572.0,30,1,126.83,1,New,0
9575.0,20,1,104.86,1,New,0
9580.0,54,1,61.129999999999995,1,New,0
9584.0,47,1,69.95,1,New,0
9588.0,44,1,15.32,1,New,0
9593.0,43,2,225.97,1,New,0
9594.0,6,1,26.25,1,New,0
9599.0,77,1,259.76,0,Lost,1
9600.0,19,1,46.92,1,New,0
9612.0,46,1,70.99,1,New,0
9613.0,6,2,148.65,1,New,0
9618.0,8,1,0.0,1,New,0
9628.0,106,1,89.58,0,Lost,1
9629.0,1,1,0.0,1,New,0
9632.0,5,2,360.06,1,New,0
9639.0,34,10,553.93,3,Occasional,0
9640.0,57,1,157.28,1,New,0
9647.0,76,1,44.79,0,Lost,1
9655.0,93,1,9.26,0,Lost,1
9656.0,100,1,69.95,0,Lost,1
9657.0,41,1,120.23,1,New,0
9677.0,113,2,142.1,0,Lost,1
9681.0,103,1,97.06,0,Lost,1
9684.0,47,1,221.73,1,New,0
9689.0,107,1,16.41,0,Lost,1
9692.0,62,1,40.36,0,Lost,1
9696.0,82,1,147.37,0,Lost,1
9710.0,47,1,139.78,1,New,0
9713.0,71,1,119.08,0,Lost,1
9714.0,112,1,0.0,0,Lost,1
9721.0,113,1,196.79,0,Lost,1
9723.0,93,1,126.8,0,Lost,1
9741.0,48,1,93.95,1,New,0
9747.0,22,1,173.62,1,New,0
9760.0,104,1,116.84,0,Lost,1
9778.0,46,1,229.32,1,New,0
9787.0,80,1,43.72,0,Lost,1
9791.0,81,1,16.41,0,Lost,1
9797.0,12,1,29.53,1,New,0
9802.0,91,1,176.98,0,Lost,1
9807.0,15,1,45.32,1,New,0
9809.0,104,1,20.23,0,Lost,1
9816.0,41,1,337.31,1,New,0
9839.0,104,1,252.67,0,Lost,1
9842.0,48,1,535.41,1,New,0
9843.0,33,3,302.57,1,New,0
9844.0,55,2,75.42,1,New,0
9851.0,69,1,85.22,0,Lost,1
9853.0,20,1,138.63,1,New,0
9862.0,105,1,32.82,0,Lost,1
9867.0,16,1,85.16,1,New,0
9872.0,50,1,113.68,1,New,0
9876.0,113,1,97.24,0,Lost,1
9890.0,48,1,65.47999999999999,1,New,0
9893.0,20,1,26.25,1,New,0
9894.0,111,1,99.37,0,Lost,1
9899.0,48,2,174.65,1,New,0
9902.0,100,1,67.77,0,Lost,1
9903.0,27,1,87.37,1,New,0
9906.0,96,1,43.76,0,Lost,1
9915.0,7,2,337.98,1,New,0
9917.0,69,1,71.03999999999999,0,Lost,1
9925.0,49,1,105.92,1,New,0
9932.0,104,1,30.619999999999997,0,Lost,1
9939.0,90,1,183.6,0,Lost,1
9952.0,63,1,108.17,0,Lost,1
9957.0,57,1,36.04,1,New,0
9972.0,91,1,312.46,0,Lost,1
9975.0,81,1,204.14,0,Lost,1
9981.0,26,1,103.74,1,New,0
9997.0,43,2,233.84,1,New,0
